lowercase.1,lowercase.2
ampang,ampang
ampang hilir,ampang
desa pandan,ampang
jalan u-thant,ampang
kemensah,ampang
keramat,ampang
pandan indah,ampang
pandan jaya,ampang
pandan perdana,ampang
taman sri keramat,ampang
taman tar,ampang
taman tijani ukay,ampang
u-thant,ampang
ukay heights,ampang
bangsar,bangsar
brickfields,brickfields
kl sentral,brickfields
bukit jalil,bukit jalil
bukit kiara,bukit kiara
alam damai,cheras
bandar damai perdana,cheras
canary residence,cheras
cheras,cheras
taman cheras perdana,cheras
taman connaught,cheras
cyberjaya,cyberjaya
bukit damansara,damansara
damansara,damansara
damansara heights,damansara
taman tun dr ismail,damansara
sungai penchala,damansara perdana
desa petaling,desa petaling
duta nusantara,dutamas
dutamas,dutamas
solaris dutamas,dutamas
gombak,gombak
sri hartamas,hartamas
jalan klang lama (old klang road),jln klang lama
adiva desa parkcity,kepong
bandar menjalara,kepong
bandar sri damansara,kepong
desa parkcity,kepong
jalan ipoh,kepong
jalan kuching,kepong
kepong,kepong
sri damansara,kepong
sunway spk,kepong
jinjang,kepong
gurney,keramat
bangsar south,kerinchi
pantai,kerinchi
santuari park pantai,kerinchi
bukit  persekutuan,kl city
bukit bintang,kl city
city centre,kl city
federal hill,kl city
jalan sultan ismail,kl city
kl city,kl city
klcc,kl city
kuala lumpur,kl city
kota damansara,kota damansara
kuchai lama,kuchai lama
kl eco city,mid valley
mid valley city,mid valley
seputeh,mid valley
country heights damansara,mont kiara
mont kiara,mont kiara
landed sd,na
other,na
petaling jaya,na
rawang,na
seri kembangan,na
singapore,na
sri kembangan,na
sungai long sl8,na
taming jaya,na
the mines resort,na
puchong,na
off gasing indah,okr
taman desa,okr
happy garden,oug
oug,oug
taman yarl,oug
batu caves,selayang
segambut,sentul
sentul,sentul
semarak,setapak
setapak,setapak
taman ibukota,setapak
setiawangsa,setiawangsa
sri petaling,sri petaling
chan sow lin,sungai besi
bandar tasik selatan,sungai besi
salak selatan,sungai besi
sungai besi,sungai besi
bukit ledang,taman duta
bukit tunku (kenny hills),taman duta
taman duta,taman duta
titiwangsa,titiwangsa
casa rimba,wangsa maju
taman melati,wangsa maju
taman melawati,wangsa maju
taman wangsa permai,wangsa maju
wangsa maju,wangsa maju
wangsa melawati,wangsa maju
